CREATE TABLE IF NOT EXISTS `user_data` (
  `player_id` INTEGER NOT NULL PRIMARY KEY AUTOINCREMENT,
  `email` VARCHAR(255) UNIQUE,
  `password` VARCHAR(255),
  `reg_date` INTEGER NOT NULL,
  `last_update` INTEGER NOT NULL,
  `coin_num` INTEGER NOT NULL
);

CREATE TABLE IF NOT EXISTS `gacha_master` (
  `gacha_id` INTEGER NOT NULL,
  'gacha_name' VARCHAR(255) NOT NULL,
  'gacha_description' VARCHAR(255) NOT NULL,
  `gacha_type` INTEGER NOT NULL,
  `price` INTEGER NOT NULL,
  PRIMARY KEY (`gacha_id`)
);

INSERT INTO `gacha_master` VALUES
(1001, 'Normal Gacha', '100 Coins - Free Draw each 1 hour', 1, 100),
(2001, 'Premium Gacha', '1000 Coins - Free Draw each 1 day', 2, 1000),
(3001, 'Box Gacha', '500 Coins', 3, 500);

CREATE TABLE IF NOT EXISTS `character_master` (
  `character_id` INTEGER NOT NULL,
  `name` VARCHAR(255),
  `rarity` INTEGER NOT NULL,
  PRIMARY KEY (`character_id`)
);

INSERT INTO `character_master` VALUES
    (1, "COMMON #1", 1),
    (2, "COMMON #2", 1),
    (3, "COMMON #3", 1),
    (4, "COMMON #4", 1),
    (5, "COMMON #5", 1),
    (6, "COMMON #6", 1),
    (7, "COMMON #7", 1),
    (8, "COMMON #8", 1),
    (9, "COMMON #9", 1),
    (10, "COMMON #10", 1),
    (11, "COMMON #11", 1),
    (12, "COMMON #12", 1),
    (13, "COMMON #13", 1),
    (14, "COMMON #14", 1),
    (15, "COMMON #15", 1),
    (16, "COMMON #16", 1),
    (17, "COMMON #17", 1),
    (18, "COMMON #18", 1),
    (19, "COMMON #19", 1),
    (20, "COMMON #20", 1),
    (21, "COMMON #21", 1),
    (22, "COMMON #22", 1),
    (23, "COMMON #23", 1),
    (24, "COMMON #24", 1),
    (25, "COMMON #25", 1),
    (26, "COMMON #26", 1),
    (27, "COMMON #27", 1),
    (28, "COMMON #28", 1),
    (29, "COMMON #29", 1),
    (30, "COMMON #30", 1),
    (31, "COMMON #31", 1),
    (32, "COMMON #32", 1),
    (33, "COMMON #33", 1),
    (34, "COMMON #34", 1),
    (35, "COMMON #35", 1),
    (36, "COMMON #36", 1),
    (37, "COMMON #37", 1),
    (38, "COMMON #38", 1),
    (39, "COMMON #39", 1),
    (40, "COMMON #40", 1),
    (41, "COMMON #41", 1),
    (42, "COMMON #42", 1),
    (43, "COMMON #43", 1),
    (44, "COMMON #44", 1),
    (45, "COMMON #45", 1),
    (46, "COMMON #46", 1),
    (47, "COMMON #47", 1),
    (48, "COMMON #48", 1),
    (49, "COMMON #49", 1),
    (50, "COMMON #50", 1),
    (51, "COMMON #51", 1),
    (52, "COMMON #52", 1),
    (53, "COMMON #53", 1),
    (54, "COMMON #54", 1),
    (55, "COMMON #55", 1),
    (56, "COMMON #56", 1),
    (57, "COMMON #57", 1),
    (58, "COMMON #58", 1),
    (59, "COMMON #59", 1),
    (60, "COMMON #60", 1),
    (61, "COMMON #61", 1),
    (62, "COMMON #62", 1),
    (63, "COMMON #63", 1),
    (64, "COMMON #64", 1),
    (65, "COMMON #65", 1),
    (66, "COMMON #66", 1),
    (67, "COMMON #67", 1),
    (68, "COMMON #68", 1),
    (69, "COMMON #69", 1),
    (70, "COMMON #70", 1),
    (71, "COMMON #71", 1),
    (72, "COMMON #72", 1),
    (73, "COMMON #73", 1),
    (74, "COMMON #74", 1),
    (75, "COMMON #75", 1),
    (76, "COMMON #76", 1),
    (77, "COMMON #77", 1),
    (78, "COMMON #78", 1),
    (79, "COMMON #79", 1),
    (80, "COMMON #80", 1),
    (81, "COMMON #81", 1),
    (82, "COMMON #82", 1),
    (83, "COMMON #83", 1),
    (84, "COMMON #84", 1),
    (85, "COMMON #85", 1),
    (86, "COMMON #86", 1),
    (87, "COMMON #87", 1),
    (88, "COMMON #88", 1),
    (89, "COMMON #89", 1),
    (90, "COMMON #90", 1),
    (91, "COMMON #91", 1),
    (92, "COMMON #92", 1),
    (93, "COMMON #93", 1),
    (94, "COMMON #94", 1),
    (95, "COMMON #95", 1),
    (96, "COMMON #96", 1),
    (97, "COMMON #97", 1),
    (98, "COMMON #98", 1),
    (99, "COMMON #99", 1),
    (100, "COMMON #100", 1),

    (101, "UNCOMMON #1", 2),
    (102, "UNCOMMON #2", 2),
    (103, "UNCOMMON #3", 2),
    (104, "UNCOMMON #4", 2),
    (105, "UNCOMMON #5", 2),
    (106, "UNCOMMON #6", 2),
    (107, "UNCOMMON #7", 2),
    (108, "UNCOMMON #8", 2),
    (109, "UNCOMMON #9", 2),
    (110, "UNCOMMON #10", 2),
    (111, "UNCOMMON #11", 2),
    (112, "UNCOMMON #12", 2),
    (113, "UNCOMMON #13", 2),
    (114, "UNCOMMON #14", 2),
    (115, "UNCOMMON #15", 2),
    (116, "UNCOMMON #16", 2),
    (117, "UNCOMMON #17", 2),
    (118, "UNCOMMON #18", 2),
    (119, "UNCOMMON #19", 2),
    (120, "UNCOMMON #20", 2),
    (121, "UNCOMMON #21", 2),
    (122, "UNCOMMON #22", 2),
    (123, "UNCOMMON #23", 2),
    (124, "UNCOMMON #24", 2),
    (125, "UNCOMMON #25", 2),
    (126, "UNCOMMON #26", 2),
    (127, "UNCOMMON #27", 2),
    (128, "UNCOMMON #28", 2),
    (129, "UNCOMMON #29", 2),
    (130, "UNCOMMON #30", 2),
    (131, "UNCOMMON #31", 2),
    (132, "UNCOMMON #32", 2),
    (133, "UNCOMMON #33", 2),
    (134, "UNCOMMON #34", 2),
    (135, "UNCOMMON #35", 2),
    (136, "UNCOMMON #36", 2),
    (137, "UNCOMMON #37", 2),
    (138, "UNCOMMON #38", 2),
    (139, "UNCOMMON #39", 2),
    (140, "UNCOMMON #40", 2),
    (141, "UNCOMMON #41", 2),
    (142, "UNCOMMON #42", 2),
    (143, "UNCOMMON #43", 2),
    (144, "UNCOMMON #44", 2),
    (145, "UNCOMMON #45", 2),
    (146, "UNCOMMON #46", 2),
    (147, "UNCOMMON #47", 2),
    (148, "UNCOMMON #48", 2),
    (149, "UNCOMMON #49", 2),
    (150, "UNCOMMON #50", 2),
    (151, "UNCOMMON #51", 2),
    (152, "UNCOMMON #52", 2),
    (153, "UNCOMMON #53", 2),
    (154, "UNCOMMON #54", 2),
    (155, "UNCOMMON #55", 2),
    (156, "UNCOMMON #56", 2),
    (157, "UNCOMMON #57", 2),
    (158, "UNCOMMON #58", 2),
    (159, "UNCOMMON #59", 2),
    (160, "UNCOMMON #60", 2),
    (161, "UNCOMMON #61", 2),
    (162, "UNCOMMON #62", 2),
    (163, "UNCOMMON #63", 2),
    (164, "UNCOMMON #64", 2),
    (165, "UNCOMMON #65", 2),
    (166, "UNCOMMON #66", 2),
    (167, "UNCOMMON #67", 2),
    (168, "UNCOMMON #68", 2),
    (169, "UNCOMMON #69", 2),
    (170, "UNCOMMON #70", 2),
    (171, "UNCOMMON #71", 2),
    (172, "UNCOMMON #72", 2),
    (173, "UNCOMMON #73", 2),
    (174, "UNCOMMON #74", 2),
    (175, "UNCOMMON #75", 2),
    (176, "UNCOMMON #76", 2),
    (177, "UNCOMMON #77", 2),
    (178, "UNCOMMON #78", 2),
    (179, "UNCOMMON #79", 2),
    (180, "UNCOMMON #80", 2),
    (181, "UNCOMMON #81", 2),
    (182, "UNCOMMON #82", 2),
    (183, "UNCOMMON #83", 2),
    (184, "UNCOMMON #84", 2),
    (185, "UNCOMMON #85", 2),
    (186, "UNCOMMON #86", 2),
    (187, "UNCOMMON #87", 2),
    (188, "UNCOMMON #88", 2),
    (189, "UNCOMMON #89", 2),
    (190, "UNCOMMON #90", 2),
    (191, "UNCOMMON #91", 2),
    (192, "UNCOMMON #92", 2),
    (193, "UNCOMMON #93", 2),
    (194, "UNCOMMON #94", 2),
    (195, "UNCOMMON #95", 2),
    (196, "UNCOMMON #96", 2),
    (197, "UNCOMMON #97", 2),
    (198, "UNCOMMON #98", 2),
    (199, "UNCOMMON #99", 2),
    (200, "UNCOMMON #100", 2),



    (201, "RARE #1", 3),
    (202, "RARE #2", 3),
    (203, "RARE #3", 3),
    (204, "RARE #4", 3),
    (205, "RARE #5", 3),
    (206, "RARE #6", 3),
    (207, "RARE #7", 3),
    (208, "RARE #8", 3),
    (209, "RARE #9", 3),
    (210, "RARE #10", 3),
    (211, "RARE #11", 3),
    (212, "RARE #12", 3),
    (213, "RARE #13", 3),
    (214, "RARE #14", 3),
    (215, "RARE #15", 3),
    (216, "RARE #16", 3),
    (217, "RARE #17", 3),
    (218, "RARE #18", 3),
    (219, "RARE #19", 3),
    (220, "RARE #20", 3),
    (221, "RARE #21", 3),
    (222, "RARE #22", 3),
    (223, "RARE #23", 3),
    (224, "RARE #24", 3),
    (225, "RARE #25", 3),
    (226, "RARE #26", 3),
    (227, "RARE #27", 3),
    (228, "RARE #28", 3),
    (229, "RARE #29", 3),
    (230, "RARE #30", 3),
    (231, "RARE #31", 3),
    (232, "RARE #32", 3),
    (233, "RARE #33", 3),
    (234, "RARE #34", 3),
    (235, "RARE #35", 3),
    (236, "RARE #36", 3),
    (237, "RARE #37", 3),
    (238, "RARE #38", 3),
    (239, "RARE #39", 3),
    (240, "RARE #40", 3),
    (241, "RARE #41", 3),
    (242, "RARE #42", 3),
    (243, "RARE #43", 3),
    (244, "RARE #44", 3),
    (245, "RARE #45", 3),
    (246, "RARE #46", 3),
    (247, "RARE #47", 3),
    (248, "RARE #48", 3),
    (249, "RARE #49", 3),
    (250, "RARE #50", 3),
    (251, "RARE #51", 3),
    (252, "RARE #52", 3),
    (253, "RARE #53", 3),
    (254, "RARE #54", 3),
    (255, "RARE #55", 3),
    (256, "RARE #56", 3),
    (257, "RARE #57", 3),
    (258, "RARE #58", 3),
    (259, "RARE #59", 3),
    (260, "RARE #60", 3),
    (261, "RARE #61", 3),
    (262, "RARE #62", 3),
    (263, "RARE #63", 3),
    (264, "RARE #64", 3),
    (265, "RARE #65", 3),
    (266, "RARE #66", 3),
    (267, "RARE #67", 3),
    (268, "RARE #68", 3),
    (269, "RARE #69", 3),
    (270, "RARE #70", 3),
    (271, "RARE #71", 3),
    (272, "RARE #72", 3),
    (273, "RARE #73", 3),
    (274, "RARE #74", 3),
    (275, "RARE #75", 3),
    (276, "RARE #76", 3),
    (277, "RARE #77", 3),
    (278, "RARE #78", 3),
    (279, "RARE #79", 3),
    (280, "RARE #80", 3),
    (281, "RARE #81", 3),
    (282, "RARE #82", 3),
    (283, "RARE #83", 3),
    (284, "RARE #84", 3),
    (285, "RARE #85", 3),
    (286, "RARE #86", 3),
    (287, "RARE #87", 3),
    (288, "RARE #88", 3),
    (289, "RARE #89", 3),
    (290, "RARE #90", 3),
    (291, "RARE #91", 3),
    (292, "RARE #92", 3),
    (293, "RARE #93", 3),
    (294, "RARE #94", 3),
    (295, "RARE #95", 3),
    (296, "RARE #96", 3),
    (297, "RARE #97", 3),
    (298, "RARE #98", 3),
    (299, "RARE #99", 3),
    (300, "RARE #100", 3),




    (301, "SUPER RARE #1", 4),
    (302, "SUPER RARE #2", 4),
    (303, "SUPER RARE #3", 4),
    (304, "SUPER RARE #4", 4),
    (305, "SUPER RARE #5", 4),
    (306, "SUPER RARE #6", 4),
    (307, "SUPER RARE #7", 4),
    (308, "SUPER RARE #8", 4),
    (309, "SUPER RARE #9", 4),
    (310, "SUPER RARE #10", 4),
    (311, "SUPER RARE #11", 4),
    (312, "SUPER RARE #12", 4),
    (313, "SUPER RARE #13", 4),
    (314, "SUPER RARE #14", 4),
    (315, "SUPER RARE #15", 4),
    (316, "SUPER RARE #16", 4),
    (317, "SUPER RARE #17", 4),
    (318, "SUPER RARE #18", 4),
    (319, "SUPER RARE #19", 4),
    (320, "SUPER RARE #20", 4),
    (321, "SUPER RARE #21", 4),
    (322, "SUPER RARE #22", 4),
    (323, "SUPER RARE #23", 4),
    (324, "SUPER RARE #24", 4),
    (325, "SUPER RARE #25", 4),
    (326, "SUPER RARE #26", 4),
    (327, "SUPER RARE #27", 4),
    (328, "SUPER RARE #28", 4),
    (329, "SUPER RARE #29", 4),
    (330, "SUPER RARE #30", 4),
    (331, "SUPER RARE #31", 4),
    (332, "SUPER RARE #32", 4),
    (333, "SUPER RARE #33", 4),
    (334, "SUPER RARE #34", 4),
    (335, "SUPER RARE #35", 4),
    (336, "SUPER RARE #36", 4),
    (337, "SUPER RARE #37", 4),
    (338, "SUPER RARE #38", 4),
    (339, "SUPER RARE #39", 4),
    (340, "SUPER RARE #40", 4),
    (341, "SUPER RARE #41", 4),
    (342, "SUPER RARE #42", 4),
    (343, "SUPER RARE #43", 4),
    (344, "SUPER RARE #44", 4),
    (345, "SUPER RARE #45", 4),
    (346, "SUPER RARE #46", 4),
    (347, "SUPER RARE #47", 4),
    (348, "SUPER RARE #48", 4),
    (349, "SUPER RARE #49", 4),
    (350, "SUPER RARE #50", 4),
    (351, "SUPER RARE #51", 4),
    (352, "SUPER RARE #52", 4),
    (353, "SUPER RARE #53", 4),
    (354, "SUPER RARE #54", 4),
    (355, "SUPER RARE #55", 4),
    (356, "SUPER RARE #56", 4),
    (357, "SUPER RARE #57", 4),
    (358, "SUPER RARE #58", 4),
    (359, "SUPER RARE #59", 4),
    (360, "SUPER RARE #60", 4),
    (361, "SUPER RARE #61", 4),
    (362, "SUPER RARE #62", 4),
    (363, "SUPER RARE #63", 4),
    (364, "SUPER RARE #64", 4),
    (365, "SUPER RARE #65", 4),
    (366, "SUPER RARE #66", 4),
    (367, "SUPER RARE #67", 4),
    (368, "SUPER RARE #68", 4),
    (369, "SUPER RARE #69", 4),
    (370, "SUPER RARE #70", 4),
    (371, "SUPER RARE #71", 4),
    (372, "SUPER RARE #72", 4),
    (373, "SUPER RARE #73", 4),
    (374, "SUPER RARE #74", 4),
    (375, "SUPER RARE #75", 4),
    (376, "SUPER RARE #76", 4),
    (377, "SUPER RARE #77", 4),
    (378, "SUPER RARE #78", 4),
    (379, "SUPER RARE #79", 4),
    (380, "SUPER RARE #80", 4),
    (381, "SUPER RARE #81", 4),
    (382, "SUPER RARE #82", 4),
    (383, "SUPER RARE #83", 4),
    (384, "SUPER RARE #84", 4),
    (385, "SUPER RARE #85", 4),
    (386, "SUPER RARE #86", 4),
    (387, "SUPER RARE #87", 4),
    (388, "SUPER RARE #88", 4),
    (389, "SUPER RARE #89", 4),
    (390, "SUPER RARE #90", 4),
    (391, "SUPER RARE #91", 4),
    (392, "SUPER RARE #92", 4),
    (393, "SUPER RARE #93", 4),
    (394, "SUPER RARE #94", 4),
    (395, "SUPER RARE #95", 4),
    (396, "SUPER RARE #96", 4),
    (397, "SUPER RARE #97", 4),
    (398, "SUPER RARE #98", 4),
    (399, "SUPER RARE #99", 4),
    (400, "SUPER RARE #100", 4);


CREATE TABLE IF NOT EXISTS `gacha_weight_master` (
  `gacha_id` INTEGER NOT NULL,
  `item_id` INTEGER NOT NULL,
  `weight` INTEGER NOT NULL,
  PRIMARY KEY (`gacha_id`,`item_id`)
);

INSERT INTO `gacha_weight_master` VALUES
    (1001, 1, 1),
    (1001, 2, 1),
    (1001, 3, 1),
    (1001, 4, 1),
    (1001, 5, 1),
    (1001, 6, 1),
    (1001, 7, 1),
    (1001, 8, 1),
    (1001, 9, 1),
    (1001, 10, 1),
    (1001, 11, 1),
    (1001, 12, 1),
    (1001, 13, 1),
    (1001, 14, 1),
    (1001, 15, 1),
    (1001, 16, 1),
    (1001, 17, 1),
    (1001, 18, 1),
    (1001, 19, 1),
    (1001, 20, 1),
    (1001, 21, 1),
    (1001, 22, 1),
    (1001, 23, 1),
    (1001, 24, 1),
    (1001, 25, 1),
    (1001, 26, 1),
    (1001, 27, 1),
    (1001, 28, 1),
    (1001, 29, 1),
    (1001, 30, 1),
    (1001, 31, 1),
    (1001, 32, 1),
    (1001, 33, 1),
    (1001, 34, 1),
    (1001, 35, 1),
    (1001, 36, 1),
    (1001, 37, 1),
    (1001, 38, 1),
    (1001, 39, 1),
    (1001, 40, 1),
    (1001, 41, 1),
    (1001, 42, 1),
    (1001, 43, 1),
    (1001, 44, 1),
    (1001, 45, 1),
    (1001, 46, 1),
    (1001, 47, 1),
    (1001, 48, 1),
    (1001, 49, 1),
    (1001, 50, 1),
    (1001, 51, 1),
    (1001, 52, 1),
    (1001, 53, 1),
    (1001, 54, 1),
    (1001, 55, 1),
    (1001, 56, 1),
    (1001, 57, 1),
    (1001, 58, 1),
    (1001, 59, 1),
    (1001, 60, 1),
    (1001, 61, 1),
    (1001, 62, 1),
    (1001, 63, 1),
    (1001, 64, 1),
    (1001, 65, 1),
    (1001, 66, 1),
    (1001, 67, 1),
    (1001, 68, 1),
    (1001, 69, 1),
    (1001, 70, 1),

    (1001, 101, 1),
    (1001, 102, 1),
    (1001, 103, 1),
    (1001, 104, 1),
    (1001, 105, 1),
    (1001, 106, 1),
    (1001, 107, 1),
    (1001, 108, 1),
    (1001, 109, 1),
    (1001, 110, 1),
    (1001, 111, 1),
    (1001, 112, 1),
    (1001, 113, 1),
    (1001, 114, 1),
    (1001, 115, 1),
    (1001, 116, 1),
    (1001, 117, 1),
    (1001, 118, 1),
    (1001, 119, 1),
    (1001, 120, 1),
    (1001, 121, 1),
    (1001, 122, 1),
    (1001, 123, 1),
    (1001, 124, 1),
    (1001, 125, 1),

    (1001, 201, 1), 
    (1001, 202, 1),
    (1001, 203, 1),
    (1001, 204, 1),

    (1001, 301, 1),


  (2001, 1, 1),
  (2001, 2, 1),
  (2001, 3, 1),
  (2001, 4, 1),
  (2001, 5, 1),
  (2001, 6, 1),
  (2001, 7, 1),
  (2001, 8, 1),
  (2001, 9, 1),
  (2001, 10, 1),

  (2001, 101, 1),
  (2001, 102, 1),
  (2001, 103, 1),
  (2001, 104, 1),
  (2001, 105, 1),
  (2001, 106, 1),
  (2001, 107, 1),
  (2001, 108, 1),
  (2001, 109, 1),
  (2001, 110, 1),
  (2001, 111, 1),
  (2001, 112, 1),
  (2001, 113, 1),
  (2001, 114, 1),
  (2001, 115, 1),
  (2001, 116, 1),
  (2001, 117, 1),
  (2001, 118, 1),
  (2001, 119, 1),
  (2001, 120, 1),
  (2001, 121, 1),
  (2001, 122, 1),
  (2001, 123, 1),
  (2001, 124, 1),
  (2001, 125, 1),
  (2001, 126, 1),
  (2001, 127, 1),
  (2001, 128, 1),
  (2001, 129, 1),
  (2001, 130, 1),
  (2001, 131, 1),
  (2001, 132, 1),
  (2001, 133, 1),
  (2001, 134, 1),
  (2001, 135, 1),
  (2001, 136, 1),
  (2001, 137, 1),
  (2001, 138, 1),
  (2001, 139, 1),
  (2001, 140, 1),
  (2001, 141, 1),
  (2001, 142, 1),
  (2001, 143, 1),
  (2001, 144, 1),
  (2001, 145, 1),
  (2001, 146, 1),
  (2001, 147, 1),
  (2001, 148, 1),
  (2001, 149, 1),
  (2001, 150, 1),

  (2001, 201, 1),
  (2001, 202, 1),
  (2001, 203, 1),
  (2001, 204, 1),
  (2001, 205, 1),
  (2001, 206, 1),
  (2001, 207, 1),
  (2001, 208, 1),
  (2001, 209, 1),
  (2001, 210, 1),
  (2001, 211, 1),
  (2001, 212, 1),
  (2001, 213, 1),
  (2001, 214, 1),
  (2001, 215, 1),
  (2001, 216, 1),
  (2001, 217, 1),
  (2001, 218, 1),
  (2001, 219, 1),
  (2001, 220, 1),
  (2001, 221, 1),
  (2001, 222, 1),
  (2001, 223, 1),
  (2001, 224, 1),
  (2001, 225, 1),

  (2001, 301, 1),
  (2001, 302, 1),
  (2001, 303, 1),
  (2001, 304, 1),
  (2001, 305, 1),
  (2001, 306, 1),
  (2001, 307, 1),
  (2001, 308, 1),
  (2001, 309, 1),
  (2001, 310, 1),


    (3001, 1, 1),
    (3001, 2, 1),
    (3001, 3, 1),
    (3001, 4, 1),
    (3001, 5, 1),
    (3001, 6, 1),
    (3001, 7, 1),
    (3001, 8, 1),
    (3001, 9, 1),
    (3001, 10, 1),
    (3001, 11, 1),
    (3001, 12, 1),
    (3001, 13, 1),
    (3001, 14, 1),
    (3001, 15, 1),
    (3001, 16, 1),
    (3001, 17, 1),
    (3001, 18, 1),
    (3001, 19, 1),
    (3001, 20, 1),
    (3001, 21, 1),
    (3001, 22, 1),
    (3001, 23, 1),
    (3001, 24, 1),
    (3001, 25, 1),
    (3001, 26, 1),
    (3001, 27, 1),
    (3001, 28, 1),
    (3001, 29, 1),
    (3001, 30, 1),
    (3001, 31, 1),
    (3001, 32, 1),
    (3001, 33, 1),
    (3001, 34, 1),
    (3001, 35, 1),
    (3001, 36, 1),
    (3001, 37, 1),
    (3001, 38, 1),
    (3001, 39, 1),
    (3001, 40, 1),
    (3001, 41, 1),
    (3001, 42, 1),
    (3001, 43, 1),
    (3001, 44, 1),
    (3001, 45, 1),
    (3001, 46, 1),
    (3001, 47, 1),
    (3001, 48, 1),
    (3001, 49, 1),
    (3001, 50, 1),
    (3001, 51, 1),
    (3001, 52, 1),
    (3001, 53, 1),
    (3001, 54, 1),
    (3001, 55, 1),

    (3001, 101, 1),
    (3001, 102, 1),
    (3001, 103, 1),
    (3001, 104, 1),
    (3001, 105, 1),
    (3001, 106, 1),
    (3001, 107, 1),
    (3001, 108, 1),
    (3001, 109, 1),
    (3001, 110, 1),
    (3001, 111, 1),
    (3001, 112, 1),
    (3001, 113, 1),
    (3001, 114, 1),
    (3001, 115, 1),
    (3001, 116, 1),
    (3001, 117, 1),
    (3001, 118, 1),
    (3001, 119, 1),
    (3001, 120, 1),
    (3001, 121, 1),
    (3001, 122, 1),
    (3001, 123, 1),
    (3001, 124, 1),
    (3001, 125, 1),

    (3001, 201, 1),
    (3001, 202, 1),
    (3001, 203, 1),
    (3001, 204, 1),
    (3001, 205, 1),
    (3001, 206, 1),
    (3001, 207, 1),
    (3001, 208, 1),
    (3001, 209, 1),
    (3001, 210, 1),
    (3001, 211, 1),
    (3001, 212, 1),
    (3001, 213, 1),
    (3001, 214, 1),
    (3001, 215, 1),

    (3001, 301, 1),
    (3001, 302, 1),
    (3001, 303, 1),
    (3001, 304, 1),
    (3001, 305, 1);

CREATE TABLE IF NOT EXISTS `user_character` (
  `character_instance_id` INTEGER PRIMARY KEY AUTOINCREMENT,
  `player_id` INTEGER NOT NULL,
  `character_id` INTEGER NOT NULL,
  `reg_date` INTEGER NOT NULL
);

CREATE TABLE IF NOT EXISTS `user_gacha_log` (
  `player_id` INTEGER NOT NULL,
  `gacha_id` INTEGER NOT NULL,
  `item_id` INTEGER NOT NULL,
  `draw_time` INTEGER NOT NULL,
  `spent_coin_num` INTEGER NOT NULL
);

CREATE TABLE IF NOT EXISTS `user_free_gacha_log` (
  `player_id` INTEGER NOT NULL,
  `gacha_id` INTEGER NOT NULL,
  `last_draw_time` INTEGER NOT NULL
);


